Station,Parameter,Window,RMSE,MAE,R2,Persistence_RMSE,RMSE_Difference
1,PM2.5,Full,11.426,6.167,0.34,14.328,2.901
1,PM10,Full,16.751,13.356,0.511,16.508,-0.243
1,NO2,Full,4.364,2.503,0.529,4.01,-0.355
1,NH3,Full,8.902,6.291,0.242,6.108,-2.794
1,SO2,Full,6.674,4.401,-0.224,7.815,1.141
1,CO,Full,0.308,0.259,-0.805,0.271,-0.037
1,Ozone,Full,10.896,7.746,0.612,10.311,-0.585
2,PM2.5,Full,5.443,4.163,0.633,5.192,-0.251
2,PM10,Full,13.012,10.128,0.667,13.07,0.059
2,NO2,Full,4.43,3.559,0.332,3.89,-0.54
2,NH3,Full,5.696,4.781,-1.261,3.445,-2.251
2,SO2,Full,6.645,3.926,0.461,4.172,-2.472
2,CO,Full,0.117,0.088,0.672,0.103,-0.013
2,Ozone,Full,8.247,6.021,0.791,6.44,-1.807
3,PM2.5,Full,5.177,3.889,0.645,5.362,0.185
3,PM10,Full,11.584,8.936,0.752,12.314,0.731
3,NO2,Full,2.25,1.547,0.756,2.504,0.254
3,NH3,Full,3.868,1.708,0.383,5.051,1.183
3,SO2,Full,1.46,0.981,0.714,1.522,0.062
3,CO,Full,0.069,0.052,0.725,0.078,0.008
3,Ozone,Full,6.389,4.767,0.806,6.08,-0.309
4,PM2.5,Full,4.807,3.694,0.435,4.657,-0.15
4,PM10,Full,14.338,11.587,0.603,12.657,-1.681
4,NO2,Full,3.021,1.898,0.498,2.83,-0.191
4,NH3,Full,3.117,2.186,0.793,2.428,-0.689
4,SO2,Full,1.631,1.172,0.709,1.473,-0.158
4,CO,Full,0.097,0.058,0.672,0.094,-0.003
4,Ozone,Full,5.604,4.357,0.654,5.39,-0.214
5,PM2.5,Full,12.043,6.345,0.262,11.617,-0.426
5,PM10,Full,26.624,15.702,0.486,26.721,0.098
5,NO2,Full,4.727,3.175,0.625,4.476,-0.251
5,NH3,Full,4.674,2.981,0.585,3.557,-1.117
5,SO2,Full,3.678,2.017,0.5,3.451,-0.227
5,CO,Full,0.326,0.156,0.25,0.386,0.061
5,Ozone,Full,14.789,10.118,0.456,11.161,-3.629
6,PM2.5,Full,19.438,10.979,0.048,23.223,3.785
6,PM10,Full,31.521,14.684,0.19,40.083,8.562
6,NO2,Full,4.51,2.643,0.366,4.708,0.198
6,NH3,Full,7.368,4.824,0.75,7.937,0.57
6,SO2,Full,10.644,8.688,-0.409,7.417,-3.227
6,CO,Full,0.431,0.319,-0.119,0.508,0.077
6,Ozone,Full,6.881,5.029,0.741,6.081,-0.799
7,PM2.5,Full,7.585,5.585,0.589,7.652,0.067
7,PM10,Full,13.97,10.94,0.657,13.742,-0.228
7,NO2,Full,5.521,4.679,0.515,4.048,-1.474
7,NH3,Full,2.244,1.639,0.607,2.214,-0.029
7,SO2,Full,3.227,2.669,0.76,3.053,-0.174
7,CO,Full,0.112,0.087,0.802,0.101,-0.011
7,Ozone,Full,9.21,7.819,0.614,7.586,-1.624
8,PM2.5,Full,8.521,7.093,0.379,4.401,-4.12
8,PM10,Full,18.308,14.559,0.621,10.141,-8.167
8,NO2,Full,3.826,3.218,-0.429,2.136,-1.69
8,NH3,Full,11.99,7.16,-0.1,7.604,-4.386
8,SO2,Full,1.989,1.441,-0.248,1.347,-0.643
8,CO,Full,0.228,0.165,0.59,0.133,-0.095
8,Ozone,Full,8.405,6.451,0.744,2.986,-5.419
9,PM2.5,Full,7.294,5.389,0.736,7.227,-0.066
9,PM10,Full,18.35,13.208,0.75,17.185,-1.165
9,NO2,Full,5.328,3.741,0.706,4.952,-0.377
9,NH3,Full,5.102,3.618,-0.074,6.029,0.927
9,SO2,Full,3.276,1.979,0.288,3.702,0.426
9,CO,Full,0.178,0.147,0.561,0.17,-0.009
9,Ozone,Full,8.26,6.314,0.431,7.892,-0.368
10,PM2.5,Full,8.058,5.381,0.493,8.117,0.059
10,PM10,Full,17.761,14.392,0.477,15.781,-1.98
10,NO2,Full,6.618,4.816,-0.024,4.208,-2.41
10,NH3,Full,23.558,9.872,-0.051,13.811,-9.747
10,SO2,Full,1.573,1.409,0.28,0.984,-0.589
10,CO,Full,0.162,0.131,0.326,0.089,-0.073
10,Ozone,Full,12.709,5.642,0.143,13.369,0.66
11,PM2.5,Full,6.874,5.143,0.27,5.974,-0.9
11,PM10,Full,13.218,9.979,0.401,12.619,-0.599
11,NO2,Full,3.299,2.565,0.476,3.006,-0.293
11,NH3,Full,9.023,4.699,0.164,10.725,1.701
11,SO2,Full,4.949,3.583,0.438,3.995,-0.955
11,CO,Full,0.124,0.099,0.636,0.11,-0.014
11,Ozone,Full,10.848,7.386,0.471,10.453,-0.395
12,PM2.5,Full,11.295,6.688,0.638,9.466,-1.829
12,PM10,Full,22.812,17.448,0.689,21.67,-1.142
12,NO2,Full,1.561,1.167,0.785,1.319,-0.242
12,NH3,Full,1.91,1.439,0.767,1.844,-0.066
12,SO2,Full,5.049,3.3,0.492,5.517,0.468
12,CO,Full,0.077,0.05,0.951,0.041,-0.036
12,Ozone,Full,10.314,7.661,0.862,10.459,0.145
13,PM2.5,Full,12.417,9.631,0.585,12.217,-0.201
13,PM10,Full,26.621,20.748,0.68,26.458,-0.163
13,NO2,Full,6.065,4.125,0.579,5.152,-0.913
13,NH3,Full,2.322,1.665,0.472,2.003,-0.319
13,SO2,Full,4.25,2.736,0.452,3.726,-0.523
13,CO,Full,0.138,0.084,0.795,0.13,-0.007
13,Ozone,Full,6.473,4.058,-0.096,5.349,-1.123
14,PM2.5,Full,8.729,7.047,0.435,6.775,-1.953
14,PM10,Full,19.268,15.686,0.559,18.864,-0.404
14,NO2,Full,4.196,3.06,0.285,3.948,-0.248
14,NH3,Full,2.564,2.0,-0.641,2.139,-0.426
14,SO2,Full,2.19,1.484,0.664,1.764,-0.426
14,CO,Full,0.141,0.118,0.415,0.098,-0.043
14,Ozone,Full,8.015,5.798,0.684,7.506,-0.51
15,PM2.5,Full,8.605,6.863,0.603,7.036,-1.569
15,PM10,Full,16.57,12.208,0.643,14.822,-1.748
15,NO2,Full,3.429,2.437,0.617,2.63,-0.799
15,NH3,Full,5.891,4.901,0.225,4.863,-1.028
15,SO2,Full,2.834,2.437,0.274,2.178,-0.656
15,CO,Full,0.182,0.135,0.63,0.181,-0.001
15,Ozone,Full,8.628,6.151,0.729,7.478,-1.15
16,PM2.5,Full,12.051,8.624,0.241,11.748,-0.303
16,PM10,Full,26.531,20.693,0.253,19.734,-6.797
16,NO2,Full,4.19,3.018,0.612,2.748,-1.442
16,NH3,Full,0.975,0.565,-1.265,0.796,-0.178
16,SO2,Full,3.81,2.184,0.34,3.047,-0.763
16,CO,Full,0.165,0.101,0.598,0.14,-0.024
16,Ozone,Full,10.94,7.88,0.229,10.553,-0.387
17,PM2.5,Full,84.24,38.165,-0.053,32.867,-51.373
17,PM10,Full,135.058,63.675,0.103,59.876,-75.182
17,NO2,Full,0.825,0.714,-3.375,0.272,-0.553
17,NH3,Full,0.111,0.066,0.895,0.078,-0.033
17,SO2,Full,0.011,0.009,-0.979,0.005,-0.006
17,CO,Full,0.057,0.037,0.0,0.0,-0.057
17,Ozone,Full,1.116,0.678,-18.244,0.094,-1.022
18,PM2.5,Full,6.084,4.643,0.516,5.876,-0.208
18,PM10,Full,14.201,9.443,0.711,12.54,-1.661
18,NO2,Full,2.792,1.711,0.51,2.382,-0.411
18,NH3,Full,39.576,9.759,0.065,29.45,-10.126
18,SO2,Full,1.936,1.436,0.222,1.443,-0.493
18,CO,Full,0.424,0.297,0.379,0.334,-0.09
18,Ozone,Full,6.649,4.105,0.367,6.711,0.062
19,PM2.5,Full,9.272,5.548,0.446,10.513,1.242
19,PM10,Full,11.426,8.125,0.602,11.087,-0.339
19,NO2,Full,4.84,3.226,0.537,4.607,-0.234
19,NH3,Full,5.416,3.021,0.504,4.908,-0.509
19,SO2,Full,0.535,0.351,0.079,0.441,-0.094
19,CO,Full,0.123,0.092,0.406,0.122,-0.001
19,Ozone,Full,10.412,7.312,0.389,9.057,-1.356
20,PM2.5,Full,4.454,3.587,0.676,4.007,-0.448
20,PM10,Full,10.408,8.291,0.576,10.02,-0.388
20,NO2,Full,7.652,4.888,-0.637,3.715,-3.938
20,NH3,Full,1.426,1.191,-3.672,0.824,-0.602
20,SO2,Full,5.889,1.961,0.083,6.731,0.842
20,CO,Full,0.109,0.092,0.543,0.105,-0.004
20,Ozone,Full,9.033,5.578,0.632,7.616,-1.418
21,PM2.5,Full,6.561,4.86,0.679,6.036,-0.524
21,PM10,Full,12.402,9.396,0.622,11.057,-1.345
21,NO2,Full,6.077,3.495,0.433,7.228,1.151
21,NH3,Full,9.684,6.268,0.366,10.851,1.167
21,SO2,Full,1.664,0.927,0.36,2.098,0.434
21,CO,Full,0.174,0.12,-0.128,0.183,0.008
21,Ozone,Full,5.879,3.988,0.523,5.617,-0.262
22,PM2.5,Full,9.573,6.845,0.644,9.947,0.374
22,PM10,Full,16.736,12.961,0.603,17.764,1.028
22,NO2,Full,6.563,3.795,0.302,6.255,-0.309
22,NH3,Full,6.058,4.54,0.202,6.14,0.082
22,SO2,Full,6.893,5.256,0.46,8.176,1.283
22,CO,Full,0.433,0.16,0.211,0.565,0.132
22,Ozone,Full,8.924,6.722,0.612,8.674,-0.25
23,PM2.5,Full,8.409,6.261,0.563,8.477,0.068
23,PM10,Full,19.351,14.395,0.513,19.11,-0.241
23,NO2,Full,5.249,3.241,0.107,5.733,0.484
23,NH3,Full,1.833,1.407,-0.099,1.853,0.02
23,SO2,Full,4.362,2.555,0.412,4.448,0.085
23,CO,Full,0.231,0.188,-1.318,0.134,-0.097
23,Ozone,Full,12.684,9.232,0.554,11.746,-0.938
24,PM2.5,Full,6.133,4.209,0.565,5.339,-0.793
24,PM10,Full,15.479,11.897,0.528,14.51,-0.97
24,NO2,Full,3.571,2.425,0.589,3.574,0.002
24,NH3,Full,9.181,6.199,-0.119,8.002,-1.179
24,SO2,Full,0.922,0.725,0.759,0.815,-0.107
24,CO,Full,0.149,0.117,0.107,0.088,-0.061
24,Ozone,Full,10.686,6.115,0.652,9.447,-1.239
25,PM2.5,Full,7.319,5.127,0.584,7.245,-0.074
25,PM10,Full,15.626,11.329,0.575,15.414,-0.211
25,NO2,Full,5.062,3.899,0.648,4.669,-0.394
25,NH3,Full,6.475,5.208,0.475,4.43,-2.045
25,SO2,Full,1.034,0.389,0.034,1.408,0.374
25,CO,Full,0.458,0.159,0.301,0.359,-0.099
25,Ozone,Full,7.39,5.15,0.306,8.194,0.805
26,PM2.5,Full,6.472,4.547,0.689,6.514,0.042
26,PM10,Full,20.915,14.622,0.779,18.672,-2.243
26,NO2,Full,3.607,2.246,0.78,3.268,-0.339
26,NH3,Full,13.747,6.762,0.326,15.422,1.675
26,SO2,Full,1.796,1.464,-0.496,1.047,-0.749
26,CO,Full,0.229,0.184,0.449,0.197,-0.031
26,Ozone,Full,4.64,3.079,0.698,4.683,0.043
27,PM2.5,Full,9.413,7.087,0.618,7.486,-1.927
27,PM10,Full,16.841,12.676,0.81,16.363,-0.478
27,NO2,Full,0.767,0.629,0.178,0.111,-0.656
27,NH3,Full,2.615,2.469,-6.419,0.061,-2.554
27,SO2,Full,0.766,0.6,-4.613,0.059,-0.706
27,CO,Full,0.131,0.12,-2.69,0.015,-0.116
27,Ozone,Full,0.304,0.229,0.223,0.193,-0.111
28,PM2.5,Full,6.383,3.988,0.642,6.508,0.125
28,PM10,Full,16.408,11.064,0.55,15.427,-0.981
28,NO2,Full,11.884,3.324,0.159,9.193,-2.691
28,NH3,Full,9.591,4.141,0.339,5.944,-3.647
28,SO2,Full,3.594,2.57,0.333,0.91,-2.683
28,CO,Full,0.047,0.032,0.782,0.026,-0.02
28,Ozone,Full,22.003,7.739,0.431,6.883,-15.12
29,PM2.5,Full,12.701,9.014,0.539,9.786,-2.915
29,PM10,Full,21.645,15.399,0.752,21.815,0.17
29,NO2,Full,1.236,0.759,0.649,0.562,-0.674
29,NH3,Full,7.643,7.351,-41.862,0.485,-7.158
29,SO2,Full,16.338,15.823,-38.88,2.302,-14.035
29,CO,Full,0.257,0.161,0.778,0.23,-0.027
29,Ozone,Full,13.238,12.641,-328.089,0.401,-12.837
30,PM2.5,Full,5.59,4.394,0.484,4.89,-0.7
30,PM10,Full,13.961,11.204,0.693,13.081,-0.88
30,NO2,Full,6.953,3.816,0.116,7.833,0.88
30,NH3,Full,7.82,4.609,0.134,8.227,0.407
30,SO2,Full,9.355,3.76,0.003,12.909,3.554
30,CO,Full,0.178,0.137,0.368,0.139,-0.039
30,Ozone,Full,7.122,4.46,0.673,5.593,-1.529
31,PM2.5,Full,15.53,4.522,0.119,21.637,6.107
31,PM10,Full,13.543,9.553,0.6,11.852,-1.691
31,NO2,Full,4.298,3.662,0.513,3.395,-0.902
31,NH3,Full,17.902,11.532,0.456,17.902,-0.0
31,SO2,Full,4.853,2.393,0.284,5.315,0.462
31,CO,Full,0.192,0.141,0.62,0.167,-0.026
31,Ozone,Full,6.652,4.845,0.461,6.341,-0.311
32,PM2.5,Full,5.622,4.091,0.506,5.488,-0.133
32,PM10,Full,16.827,11.514,0.474,14.464,-2.363
32,NO2,Full,4.342,2.199,0.141,4.445,0.103
32,NH3,Full,1.959,1.36,0.764,1.509,-0.45
32,SO2,Full,1.379,1.028,0.095,1.364,-0.014
32,CO,Full,0.094,0.075,0.511,0.084,-0.01
32,Ozone,Full,9.243,6.214,0.686,8.744,-0.499
33,PM2.5,Full,5.687,3.832,0.609,5.733,0.046
33,PM10,Full,18.421,13.721,0.456,15.469,-2.953
33,NO2,Full,4.647,2.902,0.484,4.261,-0.386
33,NH3,Full,14.377,3.52,0.091,17.817,3.44
33,SO2,Full,3.027,2.297,-0.316,2.835,-0.192
33,CO,Full,0.119,0.101,0.804,0.087,-0.032
33,Ozone,Full,7.792,6.126,0.619,8.831,1.039
34,PM2.5,Full,5.295,3.847,0.69,5.494,0.199
34,PM10,Full,15.457,10.962,0.673,13.574,-1.883
34,NO2,Full,8.656,6.546,0.344,5.803,-2.853
34,NH3,Full,7.581,4.159,0.442,8.581,1.0
34,SO2,Full,0.0,0.0,1.0,0.0,0.0
34,CO,Full,0.213,0.151,0.579,0.221,0.008
34,Ozone,Full,7.168,5.473,0.597,6.35,-0.818
35,PM2.5,Full,5.911,3.588,0.72,5.238,-0.673
35,PM10,Full,16.375,14.418,0.548,11.417,-4.958
35,NO2,Full,10.954,9.471,-0.046,3.833,-7.12
35,NH3,Full,2.333,1.716,0.732,2.093,-0.24
35,SO2,Full,9.375,7.198,0.599,3.69,-5.685
35,CO,Full,0.138,0.132,-6.211163995797275e+30,0.0,-0.138
35,Ozone,Full,1.47,1.205,0.0,0.0,-1.47
36,PM2.5,Full,27.592,13.776,0.203,32.01,4.418
36,PM10,Full,63.203,39.213,0.002,69.893,6.69
36,NO2,Full,76.669,29.504,0.074,22.766,-53.904
36,NH3,Full,6.469,4.415,0.336,1.634,-4.835
36,SO2,Full,11.596,6.849,0.578,7.379,-4.217
36,CO,Full,0.154,0.096,0.134,0.031,-0.123
36,Ozone,Full,90.667,75.071,-2.062,8.499,-82.169
37,PM2.5,Full,7.44,5.175,0.697,6.999,-0.441
37,PM10,Full,16.442,11.712,0.622,16.334,-0.108
37,NO2,Full,9.038,6.135,-0.041,9.251,0.213
37,NH3,Full,12.218,7.895,0.291,15.364,3.146
37,SO2,Full,1.26,0.932,-0.047,1.49,0.229
37,CO,Full,0.214,0.11,0.363,0.271,0.057
37,Ozone,Full,7.363,5.001,0.651,4.733,-2.63
38,PM2.5,Full,9.091,6.865,0.363,7.693,-1.398
38,PM10,Full,20.292,16.216,0.338,16.357,-3.934
38,NO2,Full,0.422,0.313,0.9,0.283,-0.139
38,NH3,Full,0.412,0.325,0.903,0.3,-0.113
38,SO2,Full,6.71,6.546,-1496.535,0.028,-6.682
38,CO,Full,0.039,0.03,0.965,0.02,-0.019
38,Ozone,Full,0.456,0.371,-3.719,0.067,-0.388
39,PM2.5,Full,6.342,4.555,0.704,5.775,-0.567
39,PM10,Full,16.139,12.018,0.776,17.025,0.886
39,NO2,Full,5.974,4.506,0.878,4.094,-1.881
39,NH3,Full,11.158,5.748,0.738,10.993,-0.166
39,SO2,Full,3.381,2.689,0.112,2.923,-0.458
39,CO,Full,0.152,0.122,0.626,0.124,-0.028
39,Ozone,Full,8.337,5.599,0.683,7.311,-1.026
40,PM2.5,Full,5.995,4.299,0.696,5.475,-0.519
40,PM10,Full,14.989,10.592,0.615,13.636,-1.353
40,NO2,Full,7.067,5.314,0.663,6.873,-0.194
40,NH3,Full,12.64,6.068,0.421,14.28,1.64
40,SO2,Full,3.578,2.152,-0.544,3.783,0.205
40,CO,Full,0.269,0.218,0.492,0.307,0.038
40,Ozone,Full,5.506,4.13,0.774,5.452,-0.054
41,PM2.5,Full,5.693,3.871,0.604,5.438,-0.255
41,PM10,Full,16.788,13.633,0.562,13.817,-2.971
41,NO2,Full,4.956,3.64,0.627,4.528,-0.428
41,NH3,Full,6.359,3.785,0.471,6.114,-0.245
41,SO2,Full,4.097,2.262,0.156,5.112,1.015
41,CO,Full,0.203,0.158,0.528,0.158,-0.045
41,Ozone,Full,6.845,4.643,0.573,6.497,-0.348
42,PM2.5,Full,5.603,3.612,0.501,6.024,0.421
42,PM10,Full,12.55,7.784,0.394,13.44,0.89
42,NO2,Full,4.135,2.808,0.73,3.459,-0.675
42,NH3,Full,9.493,5.966,0.201,3.776,-5.717
42,SO2,Full,0.797,0.547,-0.378,0.736,-0.061
42,CO,Full,0.11,0.089,0.677,0.069,-0.041
42,Ozone,Full,3.667,2.522,0.774,3.514,-0.153
43,PM2.5,Full,5.087,3.897,0.588,4.269,-0.818
43,PM10,Full,15.02,11.567,0.446,12.271,-2.749
43,NO2,Full,4.013,1.835,0.535,2.425,-1.588
43,NH3,Full,2.438,1.578,0.664,1.536,-0.902
43,SO2,Full,6.92,6.306,-21.901,0.454,-6.466
43,CO,Full,0.032,0.024,0.851,0.004,-0.028
43,Ozone,Full,0.164,0.146,-5.2961616766559536e+26,0.0,-0.164
44,PM2.5,Full,7.351,4.83,0.456,5.635,-1.716
44,PM10,Full,17.034,12.496,0.608,16.291,-0.744
44,NO2,Full,16.671,11.705,0.596,12.181,-4.49
44,NH3,Full,12.541,6.179,0.686,12.139,-0.402
44,SO2,Full,3.035,2.384,0.161,3.001,-0.034
44,CO,Full,0.115,0.094,0.745,0.08,-0.035
44,Ozone,Full,6.188,4.68,0.696,5.305,-0.883
45,PM2.5,Full,7.351,4.83,0.456,5.635,-1.716
45,PM10,Full,17.034,12.496,0.608,16.291,-0.744
45,NO2,Full,16.671,11.705,0.596,12.181,-4.49
45,NH3,Full,12.541,6.179,0.686,12.139,-0.402
45,SO2,Full,3.035,2.384,0.161,3.001,-0.034
45,CO,Full,0.115,0.094,0.745,0.08,-0.035
45,Ozone,Full,6.188,4.68,0.696,5.305,-0.883
46,PM2.5,Full,5.488,3.938,0.43,4.9,-0.588
46,PM10,Full,14.452,9.91,0.464,15.133,0.681
46,NO2,Full,3.213,2.44,0.39,2.605,-0.607
46,NH3,Full,4.415,2.999,0.89,3.224,-1.19
46,SO2,Full,1.848,1.103,0.665,1.933,0.084
46,CO,Full,0.137,0.112,0.606,0.09,-0.047
46,Ozone,Full,12.394,8.882,0.291,8.272,-4.122
47,PM2.5,Full,5.385,3.493,0.64,5.683,0.298
47,PM10,Full,13.092,9.452,0.663,12.169,-0.922
47,NO2,Full,5.292,3.302,0.561,4.907,-0.384
47,NH3,Full,5.365,3.39,0.649,5.766,0.402
47,SO2,Full,1.675,1.358,0.19,1.401,-0.275
47,CO,Full,0.236,0.188,0.49,0.19,-0.046
47,Ozone,Full,5.413,3.843,0.688,4.689,-0.724
48,PM2.5,Full,6.57,4.344,0.564,6.249,-0.321
48,PM10,Full,14.104,9.837,0.532,13.132,-0.972
48,NO2,Full,3.021,2.57,0.192,2.077,-0.944
48,NH3,Full,8.821,5.809,0.721,8.696,-0.125
48,SO2,Full,1.518,0.932,-0.905,0.905,-0.612
48,CO,Full,0.165,0.122,0.605,0.108,-0.057
48,Ozone,Full,9.31,5.873,0.289,7.611,-1.699
49,PM2.5,Full,8.359,4.736,0.606,7.918,-0.441
49,PM10,Full,23.512,19.346,-0.608,10.44,-13.071
49,NO2,Full,1.011,0.621,-0.364,0.554,-0.458
49,NH3,Full,1.514,0.966,0.72,0.999,-0.515
49,SO2,Full,8.987,7.409,-0.778,5.872,-3.114
49,CO,Full,0.047,0.034,0.439,0.005,-0.042
49,Ozone,Full,0.306,0.235,0.347,0.041,-0.265
50,PM2.5,Full,5.239,3.377,0.56,4.795,-0.444
50,PM10,Full,15.064,11.203,0.588,13.424,-1.64
50,NO2,Full,7.075,4.247,0.5,7.141,0.066
50,NH3,Full,5.84,4.595,-0.184,4.715,-1.126
50,SO2,Full,0.0,0.0,1.0,0.0,0.0
50,CO,Full,0.311,0.236,0.177,0.341,0.029
50,Ozone,Full,10.838,8.623,0.574,9.807,-1.031
51,PM2.5,Full,10.06,7.379,0.627,9.412,-0.648
51,PM10,Full,16.454,12.858,0.727,16.869,0.415
51,NO2,Full,4.944,3.866,0.807,4.253,-0.691
51,NH3,Full,7.775,5.8,0.616,5.731,-2.045
51,SO2,Full,8.785,5.976,0.679,9.16,0.375
51,CO,Full,0.258,0.198,-0.078,0.202,-0.056
51,Ozone,Full,9.574,6.246,0.747,6.692,-2.883
52,PM2.5,Full,11.233,8.528,0.736,11.724,0.491
52,PM10,Full,21.514,17.029,0.724,22.281,0.767
52,NO2,Full,5.241,3.75,0.683,4.941,-0.3
52,NH3,Full,5.929,3.929,0.744,4.559,-1.37
52,SO2,Full,6.187,4.54,0.247,6.167,-0.02
52,CO,Full,0.275,0.22,-0.463,0.214,-0.062
52,Ozone,Full,7.489,5.101,0.659,5.692,-1.797
53,PM2.5,Full,8.952,6.531,0.459,9.299,0.347
53,PM10,Full,16.277,12.711,0.712,16.833,0.555
53,NO2,Full,2.783,2.045,0.635,2.983,0.2
53,NH3,Full,2.958,2.164,0.759,2.272,-0.686
53,SO2,Full,4.541,3.159,0.65,4.266,-0.275
53,CO,Full,0.121,0.088,0.339,0.114,-0.007
53,Ozone,Full,4.95,3.785,0.847,5.281,0.331
54,PM2.5,Full,7.469,5.621,0.579,7.849,0.38
54,PM10,Full,15.433,11.949,0.656,15.478,0.045
54,NO2,Full,4.507,3.006,0.414,4.413,-0.094
54,NH3,Full,4.718,3.203,0.439,5.45,0.733
54,SO2,Full,4.082,2.962,0.502,3.699,-0.383
54,CO,Full,0.159,0.121,0.068,0.175,0.016
54,Ozone,Full,6.394,4.489,0.854,6.803,0.409
55,PM2.5,Full,7.539,5.591,0.718,7.291,-0.248
55,PM10,Full,18.264,12.832,0.745,18.24,-0.024
55,NO2,Full,10.446,5.885,0.249,11.711,1.264
55,NH3,Full,2.508,1.436,0.266,2.303,-0.205
55,SO2,Full,6.075,3.795,0.043,2.656,-3.419
55,CO,Full,0.079,0.04,0.845,0.064,-0.014
55,Ozone,Full,10.44,7.865,0.67,9.475,-0.965
56,PM2.5,Full,6.174,4.727,0.735,5.674,-0.5
56,PM10,Full,13.18,10.322,0.767,12.454,-0.725
56,NO2,Full,1.354,0.956,0.698,1.225,-0.129
56,NH3,Full,3.242,2.045,0.265,3.38,0.138
56,SO2,Full,1.466,0.95,0.436,1.506,0.04
56,CO,Full,0.078,0.061,0.65,0.061,-0.017
56,Ozone,Full,7.629,5.811,0.71,6.351,-1.277
57,PM2.5,Full,6.382,4.647,0.706,6.741,0.358
57,PM10,Full,12.989,10.606,0.717,13.68,0.691
57,NO2,Full,2.169,1.432,0.634,2.081,-0.088
57,NH3,Full,1.924,1.431,0.302,1.51,-0.414
57,SO2,Full,1.931,1.259,0.783,1.555,-0.376
57,CO,Full,0.093,0.061,0.69,0.076,-0.017
57,Ozone,Full,6.522,4.711,0.776,6.284,-0.238
58,PM2.5,Full,8.209,5.846,0.574,8.964,0.755
58,PM10,Full,13.287,9.675,0.732,13.381,0.095
58,NO2,Full,0.396,0.184,0.88,0.308,-0.088
58,NH3,Full,1.097,0.875,-7.543,0.375,-0.722
58,SO2,Full,1.269,0.893,0.18,1.305,0.036
58,CO,Full,0.189,0.091,0.538,0.231,0.041
58,Ozone,Full,3.726,2.4,0.643,3.275,-0.451
59,PM2.5,Full,5.676,4.344,0.715,5.022,-0.653
59,PM10,Full,14.581,11.378,0.68,14.477,-0.103
59,NO2,Full,1.933,1.551,0.505,1.483,-0.449
59,NH3,Full,3.607,2.617,0.403,3.565,-0.041
59,SO2,Full,3.857,2.771,0.613,3.8,-0.057
59,CO,Full,0.141,0.115,0.794,0.099,-0.042
59,Ozone,Full,6.631,4.992,0.788,6.409,-0.223
60,PM2.5,Full,9.232,6.328,0.608,9.414,0.182
60,PM10,Full,18.268,12.884,0.65,18.036,-0.232
60,NO2,Full,2.616,1.851,0.701,2.205,-0.411
60,NH3,Full,6.535,4.334,0.735,5.925,-0.61
60,SO2,Full,3.352,2.125,0.431,3.527,0.174
60,CO,Full,0.13,0.094,0.835,0.125,-0.006
60,Ozone,Full,8.929,5.681,0.231,9.319,0.389
61,PM2.5,Full,6.889,4.829,0.504,6.56,-0.329
61,PM10,Full,15.154,11.507,0.506,13.541,-1.613
61,NO2,Full,2.826,1.915,0.533,2.315,-0.511
61,NH3,Full,11.428,8.594,0.441,10.265,-1.163
61,SO2,Full,3.714,2.659,0.61,3.192,-0.522
61,CO,Full,0.246,0.22,-1.177,0.094,-0.152
61,Ozone,Full,8.766,6.036,0.459,8.987,0.22
62,PM2.5,Full,7.093,5.112,0.674,6.508,-0.584
62,PM10,Full,19.564,14.189,0.656,19.361,-0.204
62,NO2,Full,9.262,5.113,-0.189,1.256,-8.006
62,NH3,Full,0.569,0.51,-3.895,0.22,-0.349
62,SO2,Full,0.842,0.702,0.689,0.331,-0.511
62,CO,Full,0.21,0.133,0.83,0.09,-0.119
62,Ozone,Full,1.864,1.195,0.048,1.741,-0.122
63,PM2.5,Full,10.329,7.007,0.548,10.715,0.386
63,PM10,Full,20.518,14.348,0.572,20.359,-0.16
63,NO2,Full,3.268,2.396,0.576,3.092,-0.176
63,NH3,Full,6.037,4.143,0.671,6.376,0.339
63,SO2,Full,1.186,0.845,0.851,1.008,-0.178
63,CO,Full,0.169,0.132,0.568,0.175,0.005
63,Ozone,Full,7.91,6.207,0.497,6.95,-0.96
64,PM2.5,Full,9.264,6.002,0.536,8.521,-0.743
64,PM10,Full,37.922,31.764,-0.529,24.367,-13.555
64,NO2,Full,9.322,7.056,0.824,5.391,-3.931
64,NH3,Full,6.505,4.287,0.756,3.101,-3.404
64,SO2,Full,1.322,0.737,0.928,0.929,-0.393
64,CO,Full,0.128,0.096,0.928,0.077,-0.051
64,Ozone,Full,0.884,0.69,-10.856,0.063,-0.82
65,PM2.5,Full,10.932,6.861,0.656,9.805,-1.127
65,PM10,Full,22.953,18.517,0.514,17.25,-5.703
65,NO2,Full,3.002,2.317,0.603,2.331,-0.671
65,NH3,Full,7.071,4.94,0.476,6.928,-0.144
65,SO2,Full,1.347,0.975,0.223,1.045,-0.301
65,CO,Full,0.119,0.089,0.405,0.06,-0.059
65,Ozone,Full,6.455,4.678,0.344,6.494,0.04
66,PM2.5,Full,8.46,6.168,0.715,7.59,-0.87
66,PM10,Full,20.28,14.91,0.692,16.217,-4.064
66,NO2,Full,5.18,3.562,0.733,5.103,-0.076
66,NH3,Full,2.145,1.258,0.784,1.422,-0.723
66,SO2,Full,3.519,2.483,0.558,3.397,-0.123
66,CO,Full,0.121,0.086,-0.398,0.015,-0.106
66,Ozone,Full,14.024,9.456,0.573,8.349,-5.676
67,PM2.5,Full,8.256,5.46,0.646,8.424,0.168
67,PM10,Full,14.427,10.963,0.745,14.488,0.061
67,NO2,Full,5.188,3.825,0.814,4.78,-0.408
67,NH3,Full,2.27,1.472,0.693,2.245,-0.025
67,SO2,Full,1.218,0.814,0.547,1.127,-0.091
67,CO,Full,0.129,0.09,0.184,0.097,-0.032
67,Ozone,Full,10.885,6.903,0.591,8.531,-2.354
68,PM2.5,Full,5.523,4.163,0.635,5.257,-0.266
68,PM10,Full,14.207,11.472,0.588,12.27,-1.937
68,NO2,Full,3.794,2.675,0.694,3.544,-0.251
68,NH3,Full,0.0,0.0,1.0,0.0,0.0
68,SO2,Full,0.0,0.0,1.0,0.0,0.0
68,CO,Full,0.229,0.178,-0.448,0.208,-0.021
68,Ozone,Full,4.936,3.749,0.332,4.447,-0.489
69,PM2.5,Full,10.611,7.177,0.663,10.346,-0.265
69,PM10,Full,17.167,12.468,0.611,16.398,-0.769
69,NO2,Full,9.247,8.081,0.448,4.856,-4.391
69,NH3,Full,9.689,6.918,0.58,8.7,-0.989
69,SO2,Full,0.816,0.522,0.158,0.659,-0.156
69,CO,Full,0.191,0.157,0.304,0.185,-0.006
69,Ozone,Full,8.726,5.918,0.729,6.648,-2.078
70,PM2.5,Full,10.611,7.177,0.663,10.346,-0.265
70,PM10,Full,17.167,12.468,0.611,16.398,-0.769
70,NO2,Full,9.247,8.081,0.448,4.856,-4.391
70,NH3,Full,9.689,6.918,0.58,8.7,-0.989
70,SO2,Full,0.816,0.522,0.158,0.659,-0.156
70,CO,Full,0.191,0.157,0.304,0.185,-0.006
70,Ozone,Full,8.726,5.918,0.729,6.648,-2.078
71,PM2.5,Full,10.611,7.177,0.663,10.346,-0.265
71,PM10,Full,17.167,12.468,0.611,16.398,-0.769
71,NO2,Full,9.247,8.081,0.448,4.856,-4.391
71,NH3,Full,9.689,6.918,0.58,8.7,-0.989
71,SO2,Full,0.816,0.522,0.158,0.659,-0.156
71,CO,Full,0.191,0.157,0.304,0.185,-0.006
71,Ozone,Full,8.726,5.918,0.729,6.648,-2.078
72,PM2.5,Full,10.611,7.177,0.663,10.346,-0.265
72,PM10,Full,17.167,12.468,0.611,16.398,-0.769
72,NO2,Full,9.247,8.081,0.448,4.856,-4.391
72,NH3,Full,9.689,6.918,0.58,8.7,-0.989
72,SO2,Full,0.816,0.522,0.158,0.659,-0.156
72,CO,Full,0.191,0.157,0.304,0.185,-0.006
72,Ozone,Full,8.726,5.918,0.729,6.648,-2.078
73,PM2.5,Full,5.752,4.197,0.744,5.023,-0.729
73,PM10,Full,13.603,10.628,0.73,11.825,-1.779
73,NO2,Full,5.809,4.365,0.593,5.386,-0.423
73,NH3,Full,7.193,5.221,0.693,6.453,-0.74
73,SO2,Full,0.415,0.358,0.056,0.263,-0.152
73,CO,Full,0.116,0.085,0.181,0.059,-0.058
73,Ozone,Full,7.794,5.937,0.579,6.322,-1.471
74,PM2.5,Full,5.752,4.197,0.744,5.023,-0.729
74,PM10,Full,13.603,10.628,0.73,11.825,-1.779
74,NO2,Full,5.809,4.365,0.593,5.386,-0.423
74,NH3,Full,7.193,5.221,0.693,6.453,-0.74
74,SO2,Full,0.415,0.358,0.056,0.263,-0.152
74,CO,Full,0.116,0.085,0.181,0.059,-0.058
74,Ozone,Full,7.794,5.937,0.579,6.322,-1.471
75,PM2.5,Full,7.651,6.759,0.515,5.543,-2.108
75,PM10,Full,19.288,13.641,0.66,19.999,0.711
75,NO2,Full,6.445,4.269,0.817,6.317,-0.128
75,NH3,Full,0.0,0.0,1.0,0.0,0.0
75,SO2,Full,5.939,4.043,0.476,6.058,0.119
75,CO,Full,0.354,0.264,0.512,0.192,-0.162
75,Ozone,Full,6.904,4.83,0.545,7.122,0.218
76,PM2.5,Full,6.225,4.631,0.656,6.133,-0.092
76,PM10,Full,14.601,10.706,0.669,14.135,-0.466
76,NO2,Full,7.148,4.994,0.778,7.661,0.512
76,NH3,Full,0.0,0.0,1.0,0.0,0.0
76,SO2,Full,0.0,0.0,1.0,0.0,0.0
76,CO,Full,0.492,0.36,-0.216,0.596,0.105
76,Ozone,Full,6.502,4.446,0.718,7.019,0.517
77,PM2.5,Full,5.039,3.716,0.741,4.959,-0.08
77,PM10,Full,13.902,11.024,0.731,12.041,-1.861
77,NO2,Full,3.879,2.391,0.672,3.17,-0.709
77,NH3,Full,5.142,2.975,0.225,4.333,-0.809
77,SO2,Full,0.48,0.359,-0.025,0.433,-0.048
77,CO,Full,0.192,0.125,0.541,0.17,-0.022
77,Ozone,Full,6.808,5.041,0.686,6.759,-0.049
78,PM2.5,Full,6.985,5.699,0.628,5.869,-1.117
78,PM10,Full,15.863,12.786,0.568,14.526,-1.338
78,NO2,Full,12.614,7.993,0.698,10.674,-1.94
78,NH3,Full,0.0,0.0,1.0,0.0,0.0
78,SO2,Full,0.0,0.0,1.0,0.0,0.0
78,CO,Full,0.377,0.277,-0.229,0.369,-0.007
78,Ozone,Full,9.351,6.046,0.607,10.532,1.181
79,PM2.5,Full,7.603,4.575,0.472,8.497,0.894
79,PM10,Full,13.475,9.401,0.494,13.756,0.281
79,NO2,Full,5.342,2.855,0.422,5.425,0.083
79,NH3,Full,6.591,2.614,0.307,7.441,0.85
79,SO2,Full,0.869,0.591,-2.765,0.556,-0.313
79,CO,Full,0.224,0.175,0.237,0.151,-0.073
79,Ozone,Full,7.856,5.65,0.664,8.057,0.201
80,PM2.5,Full,4.346,3.092,0.72,3.728,-0.618
80,PM10,Full,13.737,10.353,0.732,13.249,-0.489
80,NO2,Full,1.705,1.166,0.601,1.382,-0.323
80,NH3,Full,0.0,0.0,1.0,0.0,0.0
80,SO2,Full,0.0,0.0,1.0,0.0,0.0
80,CO,Full,0.543,0.365,-0.04,0.542,-0.001
80,Ozone,Full,2.699,1.971,0.554,2.436,-0.263
81,PM2.5,Full,4.995,3.954,0.713,4.805,-0.189
81,PM10,Full,11.533,8.851,0.719,11.961,0.428
81,NO2,Full,2.125,1.46,0.754,2.101,-0.024
81,NH3,Full,0.0,0.0,1.0,0.0,0.0
81,SO2,Full,0.0,0.0,1.0,0.0,0.0
81,CO,Full,0.265,0.189,0.128,0.27,0.004
81,Ozone,Full,6.19,5.426,0.606,3.603,-2.586
82,PM2.5,Full,6.378,4.511,0.715,6.107,-0.271
82,PM10,Full,11.68,8.676,0.661,12.078,0.398
82,NO2,Full,4.496,2.943,0.554,3.419,-1.078
82,NH3,Full,6.998,4.252,0.451,3.323,-3.675
82,SO2,Full,2.729,1.797,0.714,1.799,-0.93
82,CO,Full,0.182,0.134,-0.324,0.097,-0.086
82,Ozone,Full,6.338,4.701,0.499,5.546,-0.792
83,PM2.5,Full,8.24,6.195,0.682,8.255,0.015
83,PM10,Full,13.148,9.657,0.785,14.393,1.244
83,NO2,Full,6.262,4.382,0.736,6.446,0.184
83,NH3,Full,4.921,3.542,0.053,4.702,-0.219
83,SO2,Full,1.343,0.896,0.479,1.443,0.1
83,CO,Full,0.19,0.137,-0.28,0.177,-0.013
83,Ozone,Full,9.709,6.288,0.459,10.529,0.82
84,PM2.5,Full,5.342,3.86,0.742,5.6,0.258
84,PM10,Full,12.691,9.741,0.711,13.558,0.866
84,NO2,Full,3.62,2.449,0.585,3.95,0.33
84,NH3,Full,8.002,5.589,0.728,9.204,1.202
84,SO2,Full,0.849,0.578,0.312,0.769,-0.08
84,CO,Full,0.13,0.1,-0.121,0.092,-0.038
84,Ozone,Full,7.399,5.228,0.735,7.037,-0.362
85,PM2.5,Full,7.466,5.281,0.518,7.426,-0.04
85,PM10,Full,16.692,11.949,0.752,13.224,-3.467
85,NO2,Full,3.426,2.624,0.7,3.036,-0.39
85,NH3,Full,3.642,2.78,0.71,2.689,-0.954
85,SO2,Full,2.069,1.249,0.617,2.263,0.194
85,CO,Full,0.137,0.106,0.494,0.098,-0.039
85,Ozone,Full,7.358,5.173,0.678,5.971,-1.387
86,PM2.5,Full,5.907,4.573,0.329,5.556,-0.352
86,PM10,Full,16.196,11.905,0.37,15.964,-0.231
86,NO2,Full,11.551,5.767,0.251,13.429,1.878
86,NH3,Full,3.365,2.709,0.699,1.544,-1.822
86,SO2,Full,1.219,0.922,0.633,1.053,-0.166
86,CO,Full,0.221,0.164,0.62,0.059,-0.162
86,Ozone,Full,6.879,4.551,0.597,7.273,0.394
87,PM2.5,Full,35.438,9.203,0.008,48.776,13.338
87,PM10,Full,20.157,16.361,0.437,17.178,-2.98
87,NO2,Full,5.801,4.27,-0.154,2.114,-3.688
87,NH3,Full,2.815,2.014,0.873,2.355,-0.46
87,SO2,Full,4.94,3.826,-0.225,3.413,-1.528
87,CO,Full,0.136,0.116,0.363,0.105,-0.03
87,Ozone,Full,5.05,3.727,0.796,4.439,-0.611
88,PM2.5,Full,9.521,5.813,0.379,9.226,-0.294
88,PM10,Full,21.499,14.667,0.451,20.955,-0.544
88,NO2,Full,5.917,4.275,0.149,4.553,-1.364
88,NH3,Full,18.278,11.327,-0.148,12.422,-5.856
88,SO2,Full,1.995,1.231,0.529,2.246,0.25
88,CO,Full,0.329,0.262,-0.904,0.192,-0.137
88,Ozone,Full,13.272,7.613,0.219,13.175,-0.098
