Station,Average_RMSE,Average_MAE,Average_R2,Average_Persistence_RMSE,Average_RMSE_Difference,Parameters
80,3.29,2.421,0.6524285714285715,3.048142857142857,-0.242,7
81,3.5868571428571427,2.8400000000000003,0.7028571428571428,3.2485714285714287,-0.33814285714285713,7
58,4.024714285714286,2.8520000000000003,-0.570857142857143,3.977,-0.04771428571428571,7
68,4.098428571428571,3.1767142857142856,0.5429999999999999,3.675142857142857,-0.42342857142857143,7
3,4.399571428571429,3.1257142857142854,0.6829999999999999,4.7015714285714285,0.30200000000000005,7
27,4.405285714285714,3.4014285714285712,-1.699,3.4697142857142858,-0.9354285714285714,7
57,4.572857142857143,3.4495714285714283,0.6582857142857143,4.561,-0.01200000000000001,7
4,4.659285714285715,3.5645714285714285,0.6234285714285714,4.218428571428571,-0.44085714285714284,7
56,4.731857142857143,3.553142857142857,0.6087142857142858,4.378714285714286,-0.3528571428571428,7
43,4.8105714285714285,3.621857142857143,-7.565945252365648e+25,2.994142857142857,-1.8164285714285715,7
76,4.9954285714285716,3.591,0.6578571428571429,5.077714285714285,0.08228571428571428,7
77,5.063142857142857,3.6615714285714285,0.5101428571428571,4.552142857142857,-0.5111428571428572,7
42,5.193571428571429,3.3325714285714283,0.41414285714285715,4.4311428571428575,-0.7622857142857142,7
59,5.203714285714286,3.966857142857143,0.6425714285714286,4.979285714285715,-0.224,7
47,5.208285714285714,3.575142857142857,0.5544285714285715,4.972142857142857,-0.23585714285714285,7
38,5.346000000000001,4.380857142857144,-213.82642857142858,3.535428571428571,-1.8104285714285715,7
84,5.433285714285715,3.9349999999999996,0.5274285714285715,5.744285714285715,0.3108571428571429,7
82,5.543,3.859142857142857,0.46714285714285714,4.624142857142857,-0.9191428571428572,7
20,5.567285714285715,3.6554285714285717,-0.257,4.716857142857143,-0.8508571428571429,7
62,5.629142857142858,3.8505714285714285,-0.16957142857142857,4.215285714285715,-1.4135714285714285,7
32,5.638,3.7830000000000004,0.45385714285714285,5.156857142857143,-0.48085714285714287,7
53,5.797428571428571,4.3547142857142855,0.6287142857142857,5.863999999999999,0.06642857142857142,7
73,5.811714285714285,4.398714285714286,0.5108571428571428,5.047285714285715,-0.7645714285714286,7
74,5.811714285714285,4.398714285714286,0.5108571428571428,5.047285714285715,-0.7645714285714286,7
85,5.827142857142857,4.1659999999999995,0.6384285714285715,4.958142857142858,-0.869,7
7,5.981285714285714,4.774,0.6491428571428572,5.485142857142857,-0.4961428571428571,7
46,5.992428571428571,4.1977142857142855,0.5337142857142857,5.165285714285714,-0.827,7
79,5.994285714285715,3.694428571428571,-0.02414285714285718,6.269,0.27471428571428574,7
19,6.003428571428572,3.9535714285714287,0.4232857142857143,5.819285714285714,-0.18442857142857144,7
67,6.053285714285714,4.218142857142857,0.6028571428571429,5.670285714285714,-0.383,7
21,6.063,4.150571428571429,0.40785714285714286,6.152857142857143,0.08985714285714286,7
54,6.1088571428571425,4.478714285714285,0.5017142857142857,6.2667142857142855,0.15799999999999997,7
25,6.194857142857143,4.465857142857143,0.4175714285714286,5.959857142857143,-0.23485714285714288,7
48,6.215571428571429,4.212428571428572,0.2854285714285714,5.539714285714285,-0.6757142857142858,7
2,6.227142857142858,4.666571428571428,0.3278571428571429,5.187428571428571,-1.0392857142857144,7
49,6.248,4.763857142857143,0.051714285714285706,3.6898571428571425,-2.558,7
83,6.259,4.442428571428572,0.4162857142857143,6.563571428571429,0.3044285714285714,7
50,6.3381428571428575,4.611571428571429,0.45928571428571424,5.746142857142857,-0.5922857142857143,7
34,6.338571428571429,4.448285714285714,0.6178571428571429,5.717571428571428,-0.6210000000000001,7
41,6.420142857142857,4.570285714285714,0.503,5.952,-0.46814285714285714,7
14,6.4432857142857145,5.027571428571428,0.343,5.870571428571429,-0.5728571428571428,7
78,6.4557142857142855,4.685857142857143,0.6102857142857143,5.9957142857142856,-0.46014285714285713,7
86,6.476857142857143,4.3701428571428576,0.4998571428571429,6.411142857142857,-0.06585714285714288,7
24,6.588714285714285,4.526714285714285,0.4401428571428571,5.9678571428571425,-0.6210000000000001,7
15,6.591285714285715,5.018857142857143,0.5315714285714286,5.598285714285715,-0.9930000000000001,7
35,6.650857142857143,5.389714285714286,-8.873091422567536e+29,3.753,-2.8977142857142857,7
75,6.654428571428572,4.829428571428571,0.6464285714285715,6.461571428571427,-0.19285714285714287,7
9,6.826857142857143,4.913714285714286,0.48542857142857143,6.736714285714285,-0.0902857142857143,7
11,6.905,4.779142857142857,0.408,6.6974285714285715,-0.20785714285714288,7
61,7.003285714285714,5.1085714285714285,0.268,6.422,-0.5814285714285715,7
60,7.008857142857143,4.756714285714286,0.5987142857142856,6.935857142857143,-0.07342857142857143,7
63,7.059571428571429,5.011142857142858,0.6118571428571428,6.953571428571429,-0.10628571428571428,7
40,7.1491428571428575,4.681857142857142,0.4452857142857143,7.115142857142857,-0.03385714285714288,7
30,7.2827142857142855,4.625714285714286,0.35300000000000004,7.524571428571429,0.24185714285714283,7
26,7.343714285714285,4.700571428571428,0.46071428571428574,7.114714285714285,-0.22885714285714287,7
39,7.3547142857142855,5.033857142857143,0.6452857142857144,6.892142857142857,-0.4628571428571429,7
65,7.411285714285715,5.482428571428572,0.46014285714285713,6.273285714285714,-1.137857142857143,7
23,7.445571428571428,5.325571428571428,0.10457142857142857,7.357285714285714,-0.08842857142857143,7
12,7.574,5.393285714285715,0.7405714285714285,7.188000000000001,-0.386,7
8,7.609571428571429,5.726714285714285,0.22242857142857142,4.106857142857143,-3.502857142857143,7
66,7.675571428571429,5.417571428571429,0.5224285714285715,6.013285714285714,-1.6625714285714286,7
37,7.710714285714286,5.28,0.36228571428571427,7.777428571428572,0.0665714285714286,7
33,7.724285714285714,4.642714285714286,0.3924285714285714,7.861857142857143,0.1374285714285714,7
22,7.882857142857143,5.754142857142857,0.4334285714285714,8.217285714285714,0.33428571428571424,7
55,7.907285714285714,5.349142857142858,0.5051428571428571,7.391428571428571,-0.5158571428571429,7
69,8.063857142857144,5.891571428571429,0.499,6.827428571428571,-1.2362857142857142,7
71,8.063857142857144,5.891571428571429,0.499,6.827428571428571,-1.2362857142857142,7
72,8.063857142857144,5.891571428571429,0.499,6.827428571428571,-1.2362857142857142,7
70,8.063857142857144,5.891571428571429,0.499,6.827428571428571,-1.2362857142857142,7
51,8.264285714285716,6.046142857142857,0.5892857142857143,7.474142857142858,-0.7904285714285714,7
52,8.266857142857143,6.156714285714285,0.4757142857142857,7.939714285714286,-0.3272857142857143,7
13,8.326571428571429,6.149571428571429,0.4952857142857143,7.862142857142857,-0.4641428571428571,7
16,8.380285714285714,6.152142857142858,0.14400000000000004,6.966571428571428,-1.4134285714285715,7
1,8.474428571428572,5.817571428571428,0.17214285714285715,8.478714285714286,0.003999999999999988,7
45,8.990714285714285,6.0525714285714285,0.564,7.804571428571428,-1.1862857142857144,7
44,8.990714285714285,6.0525714285714285,0.564,7.804571428571428,-1.1862857142857144,7
31,8.995714285714286,5.235428571428572,0.4361428571428571,9.51557142857143,0.5198571428571429,7
64,9.335285714285714,7.233142857142857,-1.059,6.0641428571428575,-3.271,7
5,9.55157142857143,5.784857142857143,0.452,8.767,-0.7844285714285714,7
28,9.987142857142857,4.694,0.4622857142857143,6.412999999999999,-3.5738571428571424,7
10,10.062714285714284,5.949,0.23485714285714285,8.051285714285715,-2.0114285714285716,7
88,10.115857142857141,6.4554285714285715,0.09642857142857143,8.967,-1.1489999999999998,7
18,10.237428571428572,4.484857142857143,0.39571428571428574,8.390857142857143,-1.8467142857142858,7
29,10.436857142857145,8.73542857142857,-58.01614285714286,5.083,-5.353714285714285,7
87,10.61957142857143,5.645285714285714,0.2997142857142857,11.19714285714286,0.5772857142857141,7
6,11.541857142857143,6.7379999999999995,0.22385714285714284,12.850999999999999,1.3094285714285714,7
17,31.63114285714286,14.763428571428571,-3.093285714285714,13.313142857142855,-18.318,7
36,39.478571428571435,24.131999999999998,-0.10499999999999998,20.316,-19.162857142857142,7
